,City,Cloudiness,Country,Date,Humidity,Lat,Lng,Max Temp,Wind Speed
0,Xinqing,99,CN,1562712336,74,48.28,129.53,75.83,6.13
1,Vaini,94,IN,1562712137,88,15.34,74.49,77.45,8.68
2,Sale,57,AU,1562712064,70,-38.11,147.06,52.07,3.65
3,Brooks,65,CA,1562712336,46,50.57,-111.89,73.0,3.0
4,East London,0,ZA,1562712336,76,-33.02,27.91,52.07,3.31
5,Koslan,100,RU,1562712336,80,63.46,48.9,52.97,8.39
6,Cape Town,0,ZA,1562712089,100,-33.93,18.42,55.99,1.12
7,Atuona,50,PF,1562712336,76,-9.8,-139.03,80.33,8.81
8,Tasiilaq,51,GL,1562712337,86,65.61,-37.64,39.2,8.05
9,Upernavik,3,GL,1562712171,79,72.79,-56.15,42.53,24.29
10,Ratnagiri,56,IN,1562712304,82,16.98,73.3,82.31,19.15
11,Lebu,75,ET,1562712337,82,8.96,38.73,60.8,6.93
12,Kyenjojo,5,UG,1562712337,93,0.61,30.64,59.81,1.95
13,Manjacaze,0,MZ,1562712337,91,-24.71,33.88,59.09,2.37
14,Tuktoyaktuk,40,CA,1562712337,45,69.44,-133.03,64.4,4.7
15,Punta Arenas,90,CL,1562712338,100,-53.16,-70.91,37.4,4.7
16,East London,0,ZA,1562712338,76,-33.02,27.91,52.07,3.31
17,Sumbe,30,AO,1562712338,80,-11.2,13.84,71.15,7.99
18,Castro,90,CL,1562712129,100,-42.48,-73.76,51.8,8.05
19,Constitucion,75,MX,1562712161,64,23.99,-104.67,78.01,5.82
20,Harper,1,US,1562712338,66,30.3,-99.24,91.4,8.05
21,Beringovskiy,0,RU,1562712338,62,63.05,179.32,63.95,6.98
22,Lufilufi,58,WS,1562712338,94,-13.87,-171.6,78.01,3.0
23,Bermeo,40,ES,1562712339,88,43.42,-2.72,66.99,5.82
24,Bredasdorp,0,ZA,1562712137,93,-34.53,20.04,48.2,4.7
25,Hithadhoo,17,MV,1562712339,73,-0.6,73.08,83.93,11.97
26,Mar del Plata,0,AR,1562712339,74,-46.43,-67.52,43.79,4.56
27,Avarua,20,CK,1562712271,74,-21.21,-159.78,78.8,9.17
28,Sao Felix do Xingu,69,BR,1562712339,85,-6.64,-51.99,71.51,3.0
29,Bluff,92,AU,1562712339,72,-23.58,149.07,64.85,1.16
30,Thompson,75,CA,1562712340,38,55.74,-97.86,75.2,9.55
31,Constitucion,75,MX,1562712340,64,23.99,-104.67,78.01,5.82
32,Palmer,0,AU,1562712340,81,-34.85,139.16,51.01,11.41
33,Port Elizabeth,1,US,1562712158,65,39.31,-74.98,88.0,4.7
34,Punta Arenas,90,CL,1562712340,100,-53.16,-70.91,37.4,4.7
35,Spassk-Ryazanskiy,94,RU,1562712340,89,54.41,40.38,53.01,3.0
36,Butaritari,43,KI,1562712341,69,3.07,172.79,83.57,2.75
37,Isangel,40,VU,1562712341,69,-19.55,169.27,73.4,6.93
38,Cape Town,0,ZA,1562712089,100,-33.93,18.42,55.99,1.12
39,Atuona,50,PF,1562712336,76,-9.8,-139.03,80.33,8.81
40,Kapaa,40,US,1562712341,79,22.08,-159.32,84.2,12.75
41,Rikitea,29,PF,1562712126,82,-23.12,-134.97,74.03,12.88
42,Rikitea,29,PF,1562712126,82,-23.12,-134.97,74.03,12.88
43,Hilo,90,US,1562712341,74,19.71,-155.08,84.99,5.82
44,Jinchang,0,CN,1562712341,48,38.52,102.19,61.43,5.7
45,Bendigo,1,AU,1562712342,68,-36.76,144.28,44.01,15.5
46,Xining,28,CN,1562712342,76,36.62,101.77,47.75,2.3
47,Sao Felix do Xingu,69,BR,1562712339,85,-6.64,-51.99,71.51,3.0
48,Mar del Plata,0,AR,1562712339,74,-46.43,-67.52,43.79,4.56
49,Georgetown,40,GY,1562712203,74,6.8,-58.16,84.2,6.93
50,Saint George,20,GR,1562712342,69,39.45,22.34,82.99,1.48
51,Port Alfred,0,ZA,1562712342,93,-33.59,26.89,55.99,4.0
52,Atar,0,MR,1562712342,12,20.52,-13.05,94.37,21.3
53,Ushuaia,75,AR,1562712343,93,-54.81,-68.31,35.6,4.68
54,Jamestown,0,AU,1562712343,51,-33.21,138.6,51.89,17.47
55,Bijie,98,CN,1562712343,94,27.3,105.3,62.15,1.48
56,Rikitea,29,PF,1562712126,82,-23.12,-134.97,74.03,12.88
57,Abu Samrah,0,SY,1562712343,58,35.3,37.18,72.77,5.59
58,Port Alfred,0,ZA,1562712342,93,-33.59,26.89,55.99,4.0
59,Carnarvon,0,ZA,1562712343,45,-30.97,22.13,50.63,6.73
60,Ushuaia,75,AR,1562712343,93,-54.81,-68.31,35.6,4.68
61,Hasaki,40,JP,1562712344,82,35.73,140.83,68.0,10.29
62,Khani,75,GE,1562712344,88,41.96,42.96,69.8,3.36
63,New Norfolk,75,AU,1562712344,75,-42.78,147.06,48.0,8.05
64,Morondava,46,MG,1562712344,61,-20.3,44.28,71.33,20.83
65,Ushuaia,75,AR,1562712343,93,-54.81,-68.31,35.6,4.68
66,Port Elizabeth,1,US,1562712158,65,39.31,-74.98,88.0,4.7
67,Vaini,94,IN,1562712137,88,15.34,74.49,77.45,8.68
68,Najran,40,SA,1562712344,13,17.54,44.22,95.0,10.29
69,Avarua,20,CK,1562712271,74,-21.21,-159.78,78.8,9.17
70,Ballina,100,IE,1562712345,87,54.11,-9.15,63.0,1.99
71,Punta Arenas,90,CL,1562712340,100,-53.16,-70.91,37.4,4.7
72,Atuona,50,PF,1562712336,76,-9.8,-139.03,80.33,8.81
73,Benguela,60,AO,1562712345,77,-12.58,13.4,70.07,7.63
74,Vardo,20,US,1562712345,48,39.62,-77.74,86.0,5.82
75,Kavieng,100,PG,1562712129,76,-2.57,150.8,80.69,8.01
76,Kapaa,40,US,1562712341,79,22.08,-159.32,84.2,12.75
77,Yellowknife,75,CA,1562712125,58,62.45,-114.38,57.2,8.05
78,Ust-Omchug,99,RU,1562712345,82,61.13,149.63,53.87,4.29
79,Port Lincoln,33,AU,1562712162,73,-34.72,135.86,59.99,36.91
80,Rikitea,29,PF,1562712126,82,-23.12,-134.97,74.03,12.88
81,Atuona,50,PF,1562712336,76,-9.8,-139.03,80.33,8.81
82,Carnarvon,0,ZA,1562712343,45,-30.97,22.13,50.63,6.73
83,Hermanus,0,ZA,1562712346,91,-34.42,19.24,54.0,4.0
84,Busselton,66,AU,1562712145,58,-33.64,115.35,57.0,16.04
85,Jalu,0,LY,1562712346,47,29.03,21.55,79.97,7.36
86,Saint George,20,GR,1562712342,69,39.45,22.34,82.99,1.48
87,Saint-Philippe,1,CA,1562712346,35,45.36,-73.48,86.0,12.75
88,Saint-Philippe,1,CA,1562712346,35,45.36,-73.48,86.0,12.75
89,Viedma,0,AR,1562712246,80,-40.81,-62.99,46.31,1.5
90,Severo-Kurilsk,63,RU,1562712347,93,50.68,156.12,43.43,14.25
91,Ilulissat,20,GL,1562712347,50,69.22,-51.1,53.6,4.7
92,Morro Bay,1,US,1562712347,77,35.37,-120.85,89.01,5.82
93,Ushuaia,75,AR,1562712343,93,-54.81,-68.31,35.6,4.68
94,Hilo,90,US,1562712341,74,19.71,-155.08,84.99,5.82
95,Coihaique,75,CL,1562712347,100,-45.58,-72.07,42.8,1.57
96,Bluff,92,AU,1562712339,72,-23.58,149.07,64.85,1.16
97,Georgetown,40,GY,1562712203,74,6.8,-58.16,84.2,6.93
98,Hede,85,SE,1562712348,87,60.45,15.49,50.0,3.36
99,Sompeta,100,IN,1562712348,74,18.93,84.6,81.23,5.21
100,Uruzgan,0,AF,1562712348,16,32.93,66.63,63.05,6.96
101,Chiradzulu,0,MW,1562712348,80,-15.7,35.18,54.05,2.8
102,Carnarvon,0,ZA,1562712343,45,-30.97,22.13,50.63,6.73
103,Axim,100,GH,1562712348,88,4.87,-2.24,75.47,9.84
104,Rikitea,29,PF,1562712126,82,-23.12,-134.97,74.03,12.88
105,Ilulissat,20,GL,1562712347,50,69.22,-51.1,53.6,4.7
106,Atuona,50,PF,1562712336,76,-9.8,-139.03,80.33,8.81
107,Hithadhoo,17,MV,1562712339,73,-0.6,73.08,83.93,11.97
108,Vanimo,97,PG,1562712349,73,-2.67,141.3,80.33,2.48
109,Norman Wells,40,CA,1562712349,40,65.28,-126.83,68.0,8.05
110,Romny,98,UA,1562712349,94,50.74,33.49,52.25,7.72
111,Hithadhoo,17,MV,1562712339,73,-0.6,73.08,83.93,11.97
112,Atuona,50,PF,1562712336,76,-9.8,-139.03,80.33,8.81
113,Constitucion,75,MX,1562712340,64,23.99,-104.67,78.01,5.82
114,Bluff,92,AU,1562712339,72,-23.58,149.07,64.85,1.16
115,Marzuq,95,YE,1562712134,26,14.4,46.47,83.93,6.82
116,Ushuaia,75,AR,1562712343,93,-54.81,-68.31,35.6,4.68
117,Mar del Plata,0,AR,1562712339,74,-46.43,-67.52,43.79,4.56
118,Kazanskaya,8,RU,1562712350,66,45.41,40.44,59.63,3.91
119,Micheweni,25,TZ,1562712350,79,-4.97,39.83,78.89,15.7
120,San Cristobal,27,HN,1562712350,75,14.68,-86.92,74.57,6.73
121,Tasiilaq,51,GL,1562712337,86,65.61,-37.64,39.2,8.05
122,Arraial do Cabo,20,BR,1562712169,82,-22.97,-42.02,60.8,3.36
123,Hasaki,40,JP,1562712344,82,35.73,140.83,68.0,10.29
124,Bethel,1,US,1562712162,65,60.79,-161.76,77.0,6.93
125,Ancud,90,CL,1562712351,100,-41.87,-73.83,51.8,8.05
126,Port Alfred,0,ZA,1562712342,93,-33.59,26.89,55.99,4.0
127,Parintins,54,BR,1562712351,94,-2.63,-56.73,74.39,0.2
128,Alice Springs,0,AU,1562712069,45,-23.7,133.88,42.8,5.82
129,Yellowknife,75,CA,1562712125,58,62.45,-114.38,57.2,8.05
130,Kapaa,40,US,1562712341,79,22.08,-159.32,84.2,12.75
131,Hami,100,CN,1562712351,20,42.84,93.51,84.65,6.64
132,Tasiilaq,51,GL,1562712337,86,65.61,-37.64,39.2,8.05
133,Kadoma,75,JP,1562712351,69,34.73,135.6,77.0,13.87
134,Marsh Harbour,61,BS,1562712352,76,26.54,-77.06,83.39,14.52
135,Bandarbeyla,7,SO,1562712352,63,9.49,50.81,79.25,28.45
136,Rikitea,29,PF,1562712126,82,-23.12,-134.97,74.03,12.88
137,Shache,86,CN,1562712352,61,38.42,77.24,84.0,1.01
138,Hit,0,IQ,1562712352,26,33.64,42.83,87.71,23.64
139,Hilo,90,US,1562712341,74,19.71,-155.08,84.99,5.82
140,Atuona,50,PF,1562712336,76,-9.8,-139.03,80.33,8.81
141,Zhigansk,41,RU,1562712352,76,66.77,123.37,69.71,9.64
142,Cape Town,0,ZA,1562712089,100,-33.93,18.42,55.99,1.12
143,Krasnozerskoye,33,RU,1562712353,91,53.98,79.24,55.85,8.81
144,Chuy,100,UY,1562712146,86,-33.69,-53.46,50.27,4.52
145,Ribeira Grande,100,PT,1562712143,90,38.52,-28.7,70.25,8.14
146,Sur,100,OM,1562712353,50,22.57,59.53,86.27,6.67
147,Cape Town,0,ZA,1562712089,100,-33.93,18.42,55.99,1.12
148,Ushuaia,75,AR,1562712343,93,-54.81,-68.31,35.6,4.68
149,Benghazi,0,LY,1562712353,71,32.12,20.07,80.33,9.26
150,Rikitea,29,PF,1562712126,82,-23.12,-134.97,74.03,12.88
151,Karratha,100,AU,1562712237,37,-20.74,116.85,70.07,4.05
152,Fortuna,1,US,1562712353,77,40.6,-124.16,66.2,11.41
153,Amapa,75,HN,1562712353,66,15.09,-87.97,89.6,18.34
154,Victoria,75,BN,1562712167,88,5.28,115.24,77.0,3.36
155,Vardo,20,US,1562712345,48,39.62,-77.74,86.0,5.82
156,Bredasdorp,0,ZA,1562712137,93,-34.53,20.04,48.2,4.7
157,Bredasdorp,0,ZA,1562712137,93,-34.53,20.04,48.2,4.7
158,Harper,1,US,1562712338,66,30.3,-99.24,91.4,8.05
159,Punta Arenas,90,CL,1562712340,100,-53.16,-70.91,37.4,4.7
160,Dikson,100,RU,1562712354,98,73.51,80.55,32.63,8.97
161,Sisimiut,72,GL,1562712354,94,66.94,-53.67,39.83,9.06
162,Tuktoyaktuk,40,CA,1562712151,45,69.44,-133.03,64.4,4.7
163,Dikson,100,RU,1562712354,98,73.51,80.55,32.63,8.97
164,Cape Town,0,ZA,1562712089,100,-33.93,18.42,55.99,1.12
165,Portmore,40,JM,1562712355,62,17.97,-76.87,86.0,13.87
166,Dikson,100,RU,1562712354,98,73.51,80.55,32.63,8.97
167,Hithadhoo,17,MV,1562712339,73,-0.6,73.08,83.93,11.97
168,Rikitea,29,PF,1562712126,82,-23.12,-134.97,74.03,12.88
169,Lebu,75,ET,1562712337,82,8.96,38.73,60.8,6.93
170,Ushuaia,75,AR,1562712343,93,-54.81,-68.31,35.6,4.68
171,Hermanus,0,ZA,1562712346,91,-34.42,19.24,54.0,4.0
172,Mount Isa,90,AU,1562712355,45,-20.73,139.49,64.4,8.05
173,Hermanus,0,ZA,1562712346,91,-34.42,19.24,54.0,4.0
174,Atuona,50,PF,1562712336,76,-9.8,-139.03,80.33,8.81
175,Georgetown,40,GY,1562712203,74,6.8,-58.16,84.2,6.93
176,Panaba,98,MX,1562712138,74,21.28,-88.27,83.03,11.01
177,Skelleftea,94,SE,1562712355,76,64.75,20.95,53.6,4.7
178,Taoudenni,6,ML,1562712356,15,22.68,-3.98,99.05,8.88
179,Adrar,0,DZ,1562712356,7,27.87,-0.29,98.6,8.05
180,Punta Arenas,90,CL,1562712340,100,-53.16,-70.91,37.4,4.7
181,Huangchuan,90,CN,1562712356,93,24.57,102.46,64.0,2.24
182,Abu Dhabi,0,AE,1562712240,63,24.47,54.37,93.2,4.7
183,Kavieng,100,PG,1562712129,76,-2.57,150.8,80.69,8.01
184,Ouadda,60,CF,1562712356,93,8.07,22.4,66.65,1.61
185,Ushuaia,75,AR,1562712343,93,-54.81,-68.31,35.6,4.68
186,Bathsheba,20,BB,1562712357,78,13.22,-59.52,82.4,21.92
187,Mataura,100,NZ,1562712357,98,-46.19,168.86,42.01,2.15
188,Comodoro Rivadavia,0,AR,1562712357,81,-45.87,-67.48,50.0,3.69
189,Kananga,12,CD,1562712357,37,-5.9,22.41,69.53,2.17
190,Praia da Vitoria,20,PT,1562712357,83,38.73,-27.07,71.6,6.71
191,Ushuaia,75,AR,1562712343,93,-54.81,-68.31,35.6,4.68
192,Punta Arenas,90,CL,1562712340,100,-53.16,-70.91,37.4,4.7
193,Qaanaaq,92,GL,1562712357,83,77.48,-69.36,39.29,5.17
194,Yellowknife,75,CA,1562712125,58,62.45,-114.38,57.2,8.05
195,Ponta do Sol,0,BR,1562712358,61,-20.63,-46.0,54.95,3.38
196,Tiksi,55,RU,1562712358,63,71.64,128.87,64.49,12.8
197,Kichera,8,RU,1562712358,49,55.93,110.1,69.89,2.93
198,Lompoc,1,US,1562712159,72,34.64,-120.46,73.99,13.87
199,Kodiak,1,US,1562712358,19,39.95,-94.76,93.0,8.05
200,Lexington,1,US,1562712248,48,38.05,-84.5,91.4,4.16
201,Chapais,1,CA,1562712358,36,49.78,-74.86,75.2,6.93
202,Hobart,75,AU,1562712359,75,-42.88,147.33,48.0,8.05
203,Thompson,75,CA,1562712340,38,55.74,-97.86,75.2,9.55
204,Dingle,33,PH,1562712359,76,11.0,122.67,80.87,3.47
205,Hermanus,0,ZA,1562712346,91,-34.42,19.24,54.0,4.0
206,Cape Town,0,ZA,1562712089,100,-33.93,18.42,55.99,1.12
207,Loei,90,TH,1562712359,86,17.49,101.72,72.05,4.81
208,Bluff,92,AU,1562712339,72,-23.58,149.07,64.85,1.16
209,Mayo,40,CA,1562712359,27,63.59,-135.9,73.4,6.93
210,Dikson,100,RU,1562712354,98,73.51,80.55,32.63,8.97
211,Rikitea,29,PF,1562712126,82,-23.12,-134.97,74.03,12.88
212,Torbay,75,CA,1562712360,55,47.66,-52.73,66.2,18.34
213,Rikitea,29,PF,1562712126,82,-23.12,-134.97,74.03,12.88
214,Kodinsk,54,RU,1562712360,52,58.6,99.18,68.45,0.83
215,Albany,75,US,1562712360,35,42.65,-73.75,86.0,8.05
216,Chokurdakh,91,RU,1562712360,52,70.62,147.9,72.23,10.65
217,Barrow,0,AR,1562712159,79,-38.31,-60.23,47.75,6.6
218,Hermanus,0,ZA,1562712346,91,-34.42,19.24,54.0,4.0
219,Bluff,92,AU,1562712339,72,-23.58,149.07,64.85,1.16
220,Zhanaozen,90,KZ,1562712360,50,43.35,52.85,80.69,7.02
221,Klaksvik,91,FO,1562712361,81,62.23,-6.59,50.0,17.22
222,Ushuaia,75,AR,1562712343,93,-54.81,-68.31,35.6,4.68
223,Verkhoyansk,54,RU,1562712361,56,67.55,133.39,72.05,5.77
224,Luderitz,0,NA,1562712361,42,-26.65,15.16,65.21,6.91
225,Vaini,94,IN,1562712137,88,15.34,74.49,77.45,8.68
226,New Norfolk,75,AU,1562712344,75,-42.78,147.06,48.0,8.05
227,Khatanga,71,RU,1562712361,77,71.98,102.47,53.87,9.4
228,Albany,75,US,1562712360,35,42.65,-73.75,86.0,8.05
229,Arraial do Cabo,20,BR,1562712169,82,-22.97,-42.02,60.8,3.36
230,Le Port,74,FR,1562712362,68,42.87,1.37,66.0,3.0
231,Pathalgaon,100,IN,1562712362,93,22.56,83.46,75.65,4.74
232,Hermanus,0,ZA,1562712346,91,-34.42,19.24,54.0,4.0
233,Jamestown,0,AU,1562712343,51,-33.21,138.6,51.89,17.47
234,Cape Town,0,ZA,1562712089,100,-33.93,18.42,55.99,1.12
235,Rio Cuarto,0,AR,1562712362,62,-33.13,-64.35,55.4,6.93
236,Hithadhoo,17,MV,1562712339,73,-0.6,73.08,83.93,11.97
237,Ushuaia,75,AR,1562712343,93,-54.81,-68.31,35.6,4.68
238,Busselton,66,AU,1562712145,58,-33.64,115.35,57.0,16.04
239,Alekseyevskoye,1,RU,1562712362,53,45.2,43.58,64.31,10.87
240,Lerwick,97,GB,1562712363,81,60.15,-1.15,53.6,12.75
241,Mataura,100,NZ,1562712357,98,-46.19,168.86,42.01,2.15
242,Kaitangata,100,NZ,1562712158,86,-46.28,169.85,42.01,3.0
243,Lazo,0,RU,1562712363,80,45.88,133.65,69.35,8.03
244,Nikolskoye,90,RU,1562712363,87,59.7,30.79,55.99,6.71
245,Padang,70,ID,1562712363,82,-0.92,100.36,81.59,10.2
246,The Valley,20,AI,1562712244,74,18.22,-63.06,84.2,14.99
247,Hilo,90,US,1562712341,74,19.71,-155.08,84.99,5.82
248,Lebu,75,ET,1562712337,82,8.96,38.73,60.8,6.93
249,Albany,75,US,1562712360,35,42.65,-73.75,86.0,8.05
250,Busselton,66,AU,1562712145,58,-33.64,115.35,57.0,16.04
251,Ginda,40,IN,1562712364,93,30.69,78.49,59.99,2.44
252,Sitka,0,US,1562712144,63,37.17,-99.65,89.01,4.0
253,Nanortalik,100,GL,1562712364,78,60.14,-45.24,43.07,3.27
254,Souillac,0,FR,1562712214,33,45.6,-0.6,71.6,9.17
255,Burkburnett,1,US,1562712364,56,34.1,-98.57,96.8,16.11
256,Kholtoson,83,RU,1562712364,93,50.3,103.31,55.85,2.1
257,Vardo,20,US,1562712345,48,39.62,-77.74,86.0,5.82
258,San Jose,40,HN,1562712247,58,14.25,-87.96,82.4,8.05
259,Mahebourg,20,MU,1562712174,94,-20.41,57.7,71.01,6.93
260,Bambous Virieux,20,MU,1562712365,94,-20.34,57.76,71.01,6.93
261,Butaritari,43,KI,1562712341,69,3.07,172.79,83.57,2.75
262,Cape Town,0,ZA,1562712089,100,-33.93,18.42,55.99,1.12
263,Mizan Teferi,70,ET,1562712365,89,6.99,35.58,63.23,3.96
264,Bethel,1,US,1562712162,65,60.79,-161.76,77.0,6.93
265,Evensk,40,RU,1562712365,56,61.92,159.24,67.19,2.17
266,Mercedes,100,UY,1562712365,72,-33.25,-58.03,59.0,1.99
267,Lagoa,0,PT,1562712365,73,37.14,-8.45,69.8,6.93
268,Basco,1,US,1562712365,62,40.33,-91.2,91.99,10.29
269,East London,0,ZA,1562712336,76,-33.02,27.91,52.07,3.31
270,Sitka,0,US,1562712144,63,37.17,-99.65,89.01,4.0
271,Port Alfred,0,ZA,1562712342,93,-33.59,26.89,55.99,4.0
272,Georgetown,40,GY,1562712203,74,6.8,-58.16,84.2,6.93
273,Onda,13,ES,1562712366,73,39.96,-0.26,77.0,3.36
274,Soloneshnoye,21,RU,1562712366,90,51.65,84.32,60.17,8.5
275,Angra dos Reis,0,BR,1562712366,77,-23.01,-44.32,64.4,2.24
276,Jamestown,0,AU,1562712343,51,-33.21,138.6,51.89,17.47
277,Rikitea,29,PF,1562712126,82,-23.12,-134.97,74.03,12.88
278,Tasiilaq,51,GL,1562712337,86,65.61,-37.64,39.2,8.05
279,Albany,75,US,1562712360,35,42.65,-73.75,86.0,8.05
280,Ushuaia,75,AR,1562712343,93,-54.81,-68.31,35.6,4.68
281,Qaanaaq,92,GL,1562712357,83,77.48,-69.36,39.29,5.17
282,Dahra,40,DZ,1562712367,29,36.25,0.85,78.8,3.36
283,Torbay,75,CA,1562712360,55,47.66,-52.73,66.2,18.34
284,Sisimiut,72,GL,1562712354,94,66.94,-53.67,39.83,9.06
285,Jamestown,0,AU,1562712343,51,-33.21,138.6,51.89,17.47
286,Punta Arenas,90,CL,1562712340,100,-53.16,-70.91,37.4,4.7
287,Rikitea,29,PF,1562712126,82,-23.12,-134.97,74.03,12.88
288,Avarua,20,CK,1562712271,74,-21.21,-159.78,78.8,9.17
289,Rikitea,29,PF,1562712126,82,-23.12,-134.97,74.03,12.88
290,Carnarvon,0,ZA,1562712343,45,-30.97,22.13,50.63,6.73
291,Atuona,50,PF,1562712336,76,-9.8,-139.03,80.33,8.81
292,Cape Town,0,ZA,1562712089,100,-33.93,18.42,55.99,1.12
293,Viedma,0,AR,1562712246,80,-40.81,-62.99,46.31,1.5
294,Beyneu,42,KZ,1562712368,19,45.32,55.19,83.03,5.39
295,Bambous Virieux,20,MU,1562712365,94,-20.34,57.76,71.01,6.93
296,Rikitea,29,PF,1562712126,82,-23.12,-134.97,74.03,12.88
297,Cape Town,0,ZA,1562712089,100,-33.93,18.42,55.99,1.12
298,Atuona,50,PF,1562712336,76,-9.8,-139.03,80.33,8.81
299,Bela,59,PK,1562712368,80,26.23,66.31,76.37,6.6
300,Viedma,0,AR,1562712246,80,-40.81,-62.99,46.31,1.5
301,Albany,75,US,1562712360,35,42.65,-73.75,86.0,8.05
302,Kalabo,0,ZM,1562712368,28,-15.0,22.67,51.71,3.33
303,Hasaki,40,JP,1562712344,82,35.73,140.83,68.0,10.29
304,Punta Arenas,90,CL,1562712340,100,-53.16,-70.91,37.4,4.7
305,Hermanus,0,ZA,1562712346,91,-34.42,19.24,54.0,4.0
306,Butaritari,43,KI,1562712341,69,3.07,172.79,83.57,2.75
307,Punta Arenas,90,CL,1562712340,100,-53.16,-70.91,37.4,4.7
308,Nantucket,1,US,1562712342,47,41.28,-70.1,80.6,5.82
309,Broome,100,GB,1562712181,82,52.47,1.45,64.0,8.05
310,Aklavik,75,CA,1562712154,40,68.22,-135.01,71.6,10.29
311,Agadez,1,NE,1562712369,40,16.97,7.99,89.6,8.05
312,Hermanus,0,ZA,1562712346,91,-34.42,19.24,54.0,4.0
313,Nanortalik,100,GL,1562712364,78,60.14,-45.24,43.07,3.27
314,Qaqortoq,100,GL,1562712369,27,60.72,-46.03,62.6,16.11
315,Albany,75,US,1562712360,35,42.65,-73.75,86.0,8.05
316,Avarua,20,CK,1562712271,74,-21.21,-159.78,78.8,9.17
317,Ribeira Grande,100,PT,1562712143,90,38.52,-28.7,70.25,8.14
318,Port Alfred,0,ZA,1562712342,93,-33.59,26.89,55.99,4.0
319,Pokhara,99,NP,1562712369,87,28.21,83.99,57.11,1.59
320,Punta Arenas,90,CL,1562712340,100,-53.16,-70.91,37.4,4.7
321,East London,0,ZA,1562712336,76,-33.02,27.91,52.07,3.31
322,Kahului,40,US,1562712370,52,20.89,-156.47,91.4,19.46
323,Tumpat,75,MY,1562712370,88,6.2,102.17,75.2,2.15
324,Pasighat,100,IN,1562712370,99,28.06,95.33,67.73,2.26
325,Belmonte,0,PT,1562712370,59,40.36,-7.35,71.01,2.46
326,Wajid,86,SO,1562712370,68,3.81,43.25,76.19,19.57
327,Bluff,92,AU,1562712339,72,-23.58,149.07,64.85,1.16
328,Aquiraz,0,BR,1562712371,74,-3.9,-38.39,86.0,5.82
329,Hithadhoo,17,MV,1562712339,73,-0.6,73.08,83.93,11.97
330,Yellowknife,75,CA,1562712125,58,62.45,-114.38,57.2,8.05
331,The Valley,20,AI,1562712244,74,18.22,-63.06,84.2,14.99
332,Fuerte Olimpo,0,BR,1562712371,57,-21.04,-57.87,68.99,4.74
333,Saint George,20,GR,1562712342,69,39.45,22.34,82.99,1.48
334,Punta Arenas,90,CL,1562712340,100,-53.16,-70.91,37.4,4.7
335,Albany,75,US,1562712360,35,42.65,-73.75,86.0,8.05
336,Puerto Ayora,40,EC,1562712371,61,-0.74,-90.35,77.0,19.46
337,Usinsk,64,RU,1562712371,90,66.0,57.56,43.07,9.33
338,Nyagan,52,RU,1562712372,68,62.14,65.43,51.89,5.46
339,Hilo,90,US,1562712341,74,19.71,-155.08,84.99,5.82
340,Maniitsoq,84,GL,1562712372,81,65.42,-52.9,45.05,6.04
341,Vaini,94,IN,1562712137,88,15.34,74.49,77.45,8.68
342,Bredasdorp,0,ZA,1562712137,93,-34.53,20.04,48.2,4.7
343,Cape Town,0,ZA,1562712089,100,-33.93,18.42,55.99,1.12
344,Ullapool,100,GB,1562712372,96,57.9,-5.16,60.01,1.01
345,Ancud,90,CL,1562712351,100,-41.87,-73.83,51.8,8.05
346,Waipawa,99,NZ,1562712372,70,-39.94,176.59,54.0,5.99
347,Bougouni,84,ML,1562712372,80,11.42,-7.49,77.27,5.82
348,Vaini,94,IN,1562712137,88,15.34,74.49,77.45,8.68
349,Naantali,90,FI,1562712373,81,60.45,22.03,55.99,2.24
350,Besancon,0,FR,1562712373,66,47.25,6.02,59.0,10.29
351,Saint-Philippe,1,CA,1562712346,35,45.36,-73.48,86.0,12.75
352,Zhangjiakou,100,CN,1562712373,77,40.77,114.88,59.27,3.8
353,Albany,75,US,1562712360,35,42.65,-73.75,86.0,8.05
354,Bambous Virieux,20,MU,1562712365,94,-20.34,57.76,71.01,6.93
355,Severo-Kurilsk,63,RU,1562712347,93,50.68,156.12,43.43,14.25
356,Busselton,66,AU,1562712145,58,-33.64,115.35,57.0,16.04
357,Narsaq,100,GL,1562712373,27,60.91,-46.05,62.6,16.11
358,Mahuva,56,IN,1562712374,79,21.09,71.76,81.59,12.44
359,Jamestown,0,AU,1562712343,51,-33.21,138.6,51.89,17.47
360,Kapaa,40,US,1562712341,79,22.08,-159.32,84.2,12.75
361,Tasiilaq,51,GL,1562712337,86,65.61,-37.64,39.2,8.05
362,Bredasdorp,0,ZA,1562712137,93,-34.53,20.04,48.2,4.7
363,Necochea,0,AR,1562712374,84,-38.55,-58.74,51.01,1.99
364,Vaini,94,IN,1562712137,88,15.34,74.49,77.45,8.68
365,Butaritari,43,KI,1562712341,69,3.07,172.79,83.57,2.75
366,Jamestown,0,AU,1562712343,51,-33.21,138.6,51.89,17.47
367,Zhiryatino,60,RU,1562712374,98,53.22,33.73,49.01,7.43
368,Souillac,0,FR,1562712214,33,45.6,-0.6,71.6,9.17
369,Skibbereen,20,IE,1562712375,93,51.55,-9.27,55.4,10.29
370,Samarai,80,PG,1562712375,74,-10.62,150.67,76.37,7.92
371,Nidzica,90,PL,1562712375,97,53.36,20.43,51.53,11.52
372,Kavaratti,99,IN,1562712375,78,10.57,72.64,84.29,17.92
373,Mamallapuram,75,IN,1562712375,88,12.63,80.17,80.6,6.93
374,Mataura,100,NZ,1562712357,98,-46.19,168.86,42.01,2.15
375,Ushuaia,75,AR,1562712343,93,-54.81,-68.31,35.6,4.68
376,Port Elizabeth,1,US,1562712158,65,39.31,-74.98,88.0,4.7
377,Erzin,0,TR,1562712376,78,36.95,36.2,79.0,17.22
378,Tiksi,55,RU,1562712358,63,71.64,128.87,64.49,12.8
379,Cape Town,0,ZA,1562712089,100,-33.93,18.42,55.99,1.12
380,Nikolskoye,90,RU,1562712363,87,59.7,30.79,55.99,6.71
381,Byron Bay,0,AU,1562712376,100,-28.65,153.62,61.0,2.93
382,Shelburne,20,CA,1562712376,42,44.08,-80.2,82.4,3.36
383,Tasiilaq,51,GL,1562712337,86,65.61,-37.64,39.2,8.05
384,Tautira,20,PF,1562712376,65,-17.73,-149.15,84.0,3.36
385,Severo-Kurilsk,63,RU,1562712347,93,50.68,156.12,43.43,14.25
386,Tahe,54,CN,1562712377,49,52.34,124.71,75.83,2.06
387,Kalemie,53,CD,1562712377,55,-5.95,29.2,68.99,1.63
388,Palmerston,0,AU,1562712377,93,-12.49,130.99,66.2,11.41
389,Eydhafushi,100,MV,1562712377,77,5.1,73.07,83.57,9.42
390,Boditi,100,ET,1562712377,91,6.95,37.86,62.87,1.3
391,Ushuaia,75,AR,1562712343,93,-54.81,-68.31,35.6,4.68
392,Hilo,90,US,1562712341,74,19.71,-155.08,84.99,5.82
393,Rikitea,29,PF,1562712126,82,-23.12,-134.97,74.03,12.88
394,Muscatine,75,US,1562712378,55,41.42,-91.04,91.4,12.75
395,Punta Arenas,90,CL,1562712340,100,-53.16,-70.91,37.4,4.7
396,Karratha,100,AU,1562712237,37,-20.74,116.85,70.07,4.05
397,Albany,75,US,1562712360,35,42.65,-73.75,86.0,8.05
398,Rio Grande,100,BR,1562712378,100,-32.03,-52.1,44.6,1.12
399,Khatanga,71,RU,1562712361,77,71.98,102.47,53.87,9.4
400,Saskylakh,0,RU,1562712378,72,71.97,114.09,60.53,13.09
401,Novikovo,31,RU,1562712378,94,51.15,37.89,50.81,7.61
402,Hermanus,0,ZA,1562712346,91,-34.42,19.24,54.0,4.0
403,Hobart,75,AU,1562712359,75,-42.88,147.33,48.0,8.05
404,Itoman,75,JP,1562712379,83,26.12,127.67,84.2,18.34
405,Winnemucca,1,US,1562712379,11,40.97,-117.74,91.4,4.7
406,Nakamura,75,JP,1562712379,73,35.17,136.87,78.01,9.17
407,Vaini,94,IN,1562712137,88,15.34,74.49,77.45,8.68
408,Capao da Canoa,61,BR,1562712379,92,-29.75,-50.01,50.63,2.86
409,Albany,75,US,1562712360,35,42.65,-73.75,86.0,8.05
410,Wanaka,100,NZ,1562712379,80,-44.7,169.14,46.0,3.49
411,Busselton,66,AU,1562712145,58,-33.64,115.35,57.0,16.04
412,Arraial do Cabo,20,BR,1562712169,82,-22.97,-42.02,60.8,3.36
413,Cap Malheureux,20,MU,1562712380,94,-19.98,57.61,71.01,6.93
414,Arraial do Cabo,20,BR,1562712169,82,-22.97,-42.02,60.8,3.36
415,Cabo San Lucas,5,MX,1562712170,31,22.89,-109.91,93.2,6.93
416,Moose Factory,90,CA,1562712380,83,51.26,-80.61,73.4,5.82
417,Oranjemund,0,ZA,1562712380,49,-28.55,16.43,63.95,3.42
418,Vila Velha,0,BR,1562712180,74,-3.71,-38.6,86.0,5.82
419,Souillac,0,FR,1562712214,33,45.6,-0.6,71.6,9.17
420,Avarua,20,CK,1562712271,74,-21.21,-159.78,78.8,9.17
421,Toronto,1,CA,1562712290,44,43.65,-79.39,82.99,3.36
422,Kavaratti,99,IN,1562712375,78,10.57,72.64,84.29,17.92
423,Teitipac,90,MX,1562712380,77,16.95,-96.61,69.8,3.36
424,Santa Isabel do Rio Negro,9,BR,1562712381,97,-0.41,-65.02,72.77,1.81
425,Provideniya,0,RU,1562712381,41,64.42,-173.23,75.2,11.18
426,Albany,75,US,1562712360,35,42.65,-73.75,86.0,8.05
427,Pevek,17,RU,1562712381,71,69.7,170.27,46.13,8.46
428,Dikson,100,RU,1562712354,98,73.51,80.55,32.63,8.97
429,Mataura,100,NZ,1562712357,98,-46.19,168.86,42.01,2.15
430,Ushuaia,75,AR,1562712343,93,-54.81,-68.31,35.6,4.68
431,Hit,0,IQ,1562712352,26,33.64,42.83,87.71,23.64
432,Fortuna,1,US,1562712353,77,40.6,-124.16,66.2,11.41
433,Nishihara,90,JP,1562712382,82,35.74,139.53,71.01,2.59
434,Cayenne,20,GF,1562712382,78,4.94,-52.33,82.4,4.7
435,Chara,20,GR,1562712382,69,39.42,22.43,82.99,1.48
436,Punta Arenas,90,CL,1562712340,100,-53.16,-70.91,37.4,4.7
437,Yizheng,100,CN,1562712383,98,24.67,103.43,60.17,2.37
438,Mahebourg,20,MU,1562712174,94,-20.41,57.7,71.01,6.93
439,Mataura,100,NZ,1562712357,98,-46.19,168.86,42.01,2.15
440,Esperance,90,AU,1562712383,87,-33.86,121.89,51.8,17.22
441,Siuna,72,NI,1562712383,96,13.73,-84.78,73.49,1.74
442,Deputatskiy,2,RU,1562712273,58,69.3,139.9,69.71,3.83
443,Bluff,92,AU,1562712339,72,-23.58,149.07,64.85,1.16
444,Port Lincoln,33,AU,1562712162,73,-34.72,135.86,59.99,36.91
445,Hermanus,0,ZA,1562712346,91,-34.42,19.24,54.0,4.0
446,Albany,75,US,1562712360,35,42.65,-73.75,86.0,8.05
447,Hermanus,0,ZA,1562712346,91,-34.42,19.24,54.0,4.0
448,Hobart,75,AU,1562712359,75,-42.88,147.33,48.0,8.05
449,Rikitea,29,PF,1562712126,82,-23.12,-134.97,74.03,12.88
450,Klaksvik,91,FO,1562712361,81,62.23,-6.59,50.0,17.22
451,Hilo,90,US,1562712341,74,19.71,-155.08,84.99,5.82
452,Cabedelo,75,BR,1562712385,100,-6.97,-34.84,73.4,6.93
453,Bluff,92,AU,1562712339,72,-23.58,149.07,64.85,1.16
454,Cidreira,79,BR,1562712386,92,-30.17,-50.22,54.77,4.79
455,Jamestown,0,AU,1562712343,51,-33.21,138.6,51.89,17.47
456,Rikitea,29,PF,1562712126,82,-23.12,-134.97,74.03,12.88
457,Bredasdorp,0,ZA,1562712137,93,-34.53,20.04,48.2,4.7
458,Punta Arenas,90,CL,1562712340,100,-53.16,-70.91,37.4,4.7
459,Ushuaia,75,AR,1562712343,93,-54.81,-68.31,35.6,4.68
460,Thompson,75,CA,1562712340,38,55.74,-97.86,75.2,9.55
461,Zdvinsk,0,RU,1562712386,95,54.7,78.67,52.43,9.64
462,Vila Franca do Campo,20,PT,1562712386,94,37.72,-25.43,68.0,4.7
463,Meulaboh,96,ID,1562712386,78,4.14,96.13,80.87,5.12
464,Dakar,12,SN,1562712388,83,14.69,-17.45,78.8,6.93
465,Pisco,90,PE,1562712388,30,-13.71,-76.2,71.6,6.93
466,Busselton,66,AU,1562712145,58,-33.64,115.35,57.0,16.04
467,Xicotencatl,0,MX,1562712364,35,23.02,-98.88,99.0,11.01
468,Sandnessjoen,38,NO,1562712388,93,66.02,12.63,50.0,3.36
469,Khatanga,71,RU,1562712361,77,71.98,102.47,53.87,9.4
470,Puerto Ayora,40,EC,1562712371,61,-0.74,-90.35,77.0,19.46
471,Mahebourg,20,MU,1562712174,94,-20.41,57.7,71.01,6.93
472,Rikitea,29,PF,1562712126,82,-23.12,-134.97,74.03,12.88
473,Althofen,90,AT,1562712388,72,46.87,14.47,64.4,4.7
474,Bethel,1,US,1562712162,65,60.79,-161.76,77.0,6.93
475,Punta Arenas,90,CL,1562712340,100,-53.16,-70.91,37.4,4.7
476,At-Bashi,100,KG,1562712389,68,41.17,75.81,53.33,1.66
477,Mataura,100,NZ,1562712357,98,-46.19,168.86,42.01,2.15
478,Port Alfred,0,ZA,1562712342,93,-33.59,26.89,55.99,4.0
479,Avarua,20,CK,1562712271,74,-21.21,-159.78,78.8,9.17
480,Batemans Bay,0,AU,1562712242,83,-35.71,150.18,46.0,1.01
481,Klyuchi,21,RU,1562712389,80,52.25,79.17,59.09,9.8
482,Andrews,1,US,1562712389,10,32.32,-102.55,105.8,6.93
483,Mehamn,91,NO,1562712389,86,71.03,27.85,42.35,11.68
484,Cap-Haitien,6,HT,1562712390,74,19.76,-72.2,83.75,6.51
485,Puerto Ayora,40,EC,1562712371,61,-0.74,-90.35,77.0,19.46
486,Bathsheba,20,BB,1562712357,78,13.22,-59.52,82.4,21.92
487,Palaikastron,0,GR,1562712390,42,35.2,26.25,84.0,5.99
488,Vila Velha,0,BR,1562712180,74,-3.71,-38.6,86.0,5.82
489,Havre-Saint-Pierre,90,CA,1562712243,42,50.23,-63.6,66.2,11.41
490,Bambous Virieux,20,MU,1562712365,94,-20.34,57.76,71.01,6.93
491,Iqaluit,40,CA,1562712390,38,63.75,-68.52,73.4,16.11
492,Upernavik,3,GL,1562712390,79,72.79,-56.15,42.53,24.29
493,Qaqortoq,100,GL,1562712369,27,60.72,-46.03,62.6,16.11
494,San Ramon,40,NI,1562712322,69,12.92,-85.84,77.0,4.7
495,Yumen,72,CN,1562712391,32,40.29,97.04,72.05,21.25
496,Zorritos,40,PE,1562712391,33,-3.68,-80.68,89.6,6.93
497,Port Blair,94,IN,1562712391,79,11.67,92.75,83.03,19.3
498,Mar del Plata,0,AR,1562712339,74,-46.43,-67.52,43.79,4.56
499,Touros,40,BR,1562712391,83,-5.2,-35.46,77.0,6.93
